[
	{
		"FirstName": "Portia",
		"LastName": "Mcfann",
		"Company": "Beachcomber Realty",
		"Address": "4891 Pacific Hwy",
		"City": "San Diego",
		"County": "San Diego",
		"State": "CA",
		"ZIP": "92110",
		"Phone": "858-294-0682",
		"Fax": "858-294-1695",
		"Email": "portia@mcfann.com",
		"Web": "http://www.portiamcfann.com"
	},
	{
		"FirstName": "Andrew",
		"LastName": "Fenstermacher",
		"Company": "Shafer Commercial Seating Inc",
		"Address": "2400 N Jefferson St",
		"City": "Perry",
		"County": "Taylor",
		"State": "FL",
		"ZIP": "32347",
		"Phone": "850-584-7434",
		"Fax": "850-584-3364",
		"Email": "andrew@fenstermacher.com",
		"Web": "http://www.andrewfenstermacher.com"
	},
	{
		"FirstName": "Brady",
		"LastName": "Tatum",
		"Company": "Bohlin, Cywinski Jackson",
		"Address": "710 N Cable Rd",
		"City": "Lima",
		"County": "Allen",
		"State": "OH",
		"ZIP": "45805",
		"Phone": "419-222-8541",
		"Fax": "419-222-6601",
		"Email": "brady@tatum.com",
		"Web": "http://www.bradytatum.com"
	},
	{
		"FirstName": "Gracie",
		"LastName": "Riskalla",
		"Company": "Jessup, Richard A Esq",
		"Address": "5345 Madison Ave",
		"City": "Sacramento",
		"County": "Sacramento",
		"State": "CA",
		"ZIP": "95841",
		"Phone": "916-344-7735",
		"Fax": "916-344-8332",
		"Email": "gracie@riskalla.com",
		"Web": "http://www.gracieriskalla.com"
	},
	{
		"FirstName": "Helga",
		"LastName": "Rio",
		"Company": "Pony Express",
		"Address": "5108 W Gore Blvd",
		"City": "Lawton",
		"County": "Comanche",
		"State": "OK",
		"ZIP": "73505",
		"Phone": "580-357-0385",
		"Fax": "580-357-1716",
		"Email": "helga@rio.com",
		"Web": "http://www.helgario.com"
	},
	{
		"FirstName": "Shirley",
		"LastName": "Keams",
		"Company": "Transport Workers Un Afl Cio",
		"Address": "8 N Water St",
		"City": "Nantucket",
		"County": "Nantucket",
		"State": "MA",
		"ZIP": "02554",
		"Phone": "508-228-6114",
		"Fax": "508-228-3052",
		"Email": "shirley@keams.com",
		"Web": "http://www.shirleykeams.com"
	},
	{
		"FirstName": "Willie",
		"LastName": "Coughenour",
		"Company": "Adams Rib Rstrnt At Norwalk",
		"Address": "1715 Saint Marys Ave",
		"City": "Parkersburg",
		"County": "Wood",
		"State": "WV",
		"ZIP": "26101",
		"Phone": "304-422-8589",
		"Fax": "304-422-8589",
		"Email": "willie@coughenour.com",
		"Web": "http://www.williecoughenour.com"
	},
	{
		"FirstName": "Lashawn",
		"LastName": "Mariska",
		"Company": "Goldstein, Phillip",
		"Address": "5600 Sw 6th Ave",
		"City": "Topeka",
		"County": "Shawnee",
		"State": "KS",
		"ZIP": "66606",
		"Phone": "785-272-6823",
		"Fax": "785-272-1019",
		"Email": "lashawn@mariska.com",
		"Web": "http://www.lashawnmariska.com"
	},
	{
		"FirstName": "Linda",
		"LastName": "Golda",
		"Company": "Parham, J Randolph Esq",
		"Address": "60 Monroe Center St Nw",
		"City": "Grand Rapids",
		"County": "Kent",
		"State": "MI",
		"ZIP": "49503",
		"Phone": "616-451-2797",
		"Fax": "616-451-4218",
		"Email": "linda@golda.com",
		"Web": "http://www.lindagolda.com"
	},
	{
		"FirstName": "Tyler",
		"LastName": "Hendershott",
		"Company": "Rappaport Hertz Cherson",
		"Address": "3222 Winona Way",
		"City": "North Highlands",
		"County": "Sacramento",
		"State": "CA",
		"ZIP": "95660",
		"Phone": "916-349-5439",
		"Fax": "916-349-8802",
		"Email": "tyler@hendershott.com",
		"Web": "http://www.tylerhendershott.com"
	},
	{
		"FirstName": "Guillermo",
		"LastName": "Bramhall",
		"Company": "West, J Kevin Esq",
		"Address": "1617 27th St",
		"City": "Lubbock",
		"County": "Lubbock",
		"State": "TX",
		"ZIP": "79405",
		"Phone": "806-763-8915",
		"Fax": "806-763-9774",
		"Email": "guillermo@bramhall.com",
		"Web": "http://www.guillermobramhall.com"
	},
	{
		"FirstName": "Pattie",
		"LastName": "Brudnicki",
		"Company": "J Gilbert Parrish Jr",
		"Address": "1355 California Ave",
		"City": "Las Cruces",
		"County": "Dona Ana",
		"State": "NM",
		"ZIP": "88001",
		"Phone": "505-525-8255",
		"Fax": "505-525-7556",
		"Email": "pattie@brudnicki.com",
		"Web": "http://www.pattiebrudnicki.com"
	},
	{
		"FirstName": "Stewart",
		"LastName": "Sheakley",
		"Company": "Chase Communications Group Ltd",
		"Address": "Rr 5",
		"City": "Mechanicsville",
		"County": "Saint Marys",
		"State": "MD",
		"ZIP": "20659",
		"Phone": "301-884-1113",
		"Fax": "301-884-4735",
		"Email": "stewart@sheakley.com",
		"Web": "http://www.stewartsheakley.com"
	},
	{
		"FirstName": "Antionette",
		"LastName": "Shoobridge",
		"Company": "Dolfin International",
		"Address": "3790 Nw 167th St",
		"City": "Opa Locka",
		"County": "Miami-Dade",
		"State": "FL",
		"ZIP": "33054",
		"Phone": "305-624-9608",
		"Fax": "305-624-7118",
		"Email": "antionette@shoobridge.com",
		"Web": "http://www.antionetteshoobridge.com"
	},
	{
		"FirstName": "Camilla",
		"LastName": "Franz",
		"Company": "Contact",
		"Address": "2300 N Imperial Ave",
		"City": "Calexico",
		"County": "Imperial",
		"State": "CA",
		"ZIP": "92231",
		"Phone": "760-357-9630",
		"Fax": "760-357-6843",
		"Email": "camilla@franz.com",
		"Web": "http://www.camillafranz.com"
	},
	{
		"FirstName": "Ann",
		"LastName": "Senff",
		"Company": "Travelodge Santa Barbara Beach",
		"Address": "1165 E Acacia Ct",
		"City": "Ontario",
		"County": "San Bernardino",
		"State": "CA",
		"ZIP": "91761",
		"Phone": "909-923-0954",
		"Fax": "909-923-0555",
		"Email": "ann@senff.com",
		"Web": "http://www.annsenff.com"
	},
	{
		"FirstName": "Lauren",
		"LastName": "Langenbach",
		"Company": "Albright, David F Esq",
		"Address": "99 Rv Cent",
		"City": "Everett",
		"County": "Snohomish",
		"State": "WA",
		"ZIP": "98204",
		"Phone": "425-745-5517",
		"Fax": "425-745-4356",
		"Email": "lauren@langenbach.com",
		"Web": "http://www.laurenlangenbach.com"
	},
	{
		"FirstName": "Julia",
		"LastName": "Cokins",
		"Company": "Ati Title Company",
		"Address": "3405 Piedmont Rd Ne",
		"City": "Atlanta",
		"County": "Fulton",
		"State": "GA",
		"ZIP": "30305",
		"Phone": "404-266-1124",
		"Fax": "404-266-9416",
		"Email": "julia@cokins.com",
		"Web": "http://www.juliacokins.com"
	},
	{
		"FirstName": "Ashley",
		"LastName": "Kilness",
		"Company": "Criterium Day Engineers",
		"Address": "1012 Webbs Chapel Rd",
		"City": "Carrollton",
		"County": "Dallas",
		"State": "TX",
		"ZIP": "75006",
		"Phone": "972-416-8588",
		"Fax": "972-416-9465",
		"Email": "ashley@kilness.com",
		"Web": "http://www.ashleykilness.com"
	},
	{
		"FirstName": "Willard",
		"LastName": "Keathley",
		"Company": "Savings Bank Of Finger Lks Fsb",
		"Address": "801 T St",
		"City": "Bedford",
		"County": "Lawrence",
		"State": "IN",
		"ZIP": "47421",
		"Phone": "812-275-4393",
		"Fax": "812-275-4832",
		"Email": "willard@keathley.com",
		"Web": "http://www.willardkeathley.com"
	},
	{
		"FirstName": "Parker",
		"LastName": "Durante",
		"Company": "Beacon Realty Services Inc",
		"Address": "2888 Bluff St  #-450",
		"City": "Boulder",
		"County": "Boulder",
		"State": "CO",
		"ZIP": "80301",
		"Phone": "303-530-0368",
		"Fax": "303-530-1253",
		"Email": "parker@durante.com",
		"Web": "http://www.parkerdurante.com"
	}
]